SEQUENCE,FILTER,COUNTY,JURISDICTION,HU_1990,HU_1991,HU_1992,HU_1993,HU_1994,HU_1995,HU_1996,HU_1997,HU_1998,HU_1999,HU_2000,HU_2001,HU_2002,HU_2003,HU_2004,HU_2005,HU_2006,HU_2007,HU_2008,HU_2009,HU_2010,HU_2011,HU_2012,HU_2013,HU_2014,HU_2015,HU_2016,HU_2017,HU_2018,HU_2019,HU_2020
1,1,Adams,Adams County,5263,5295,5334,5384,5460,5537,5591,5674,5685,5728,5773,5827,5880,5947,6068,6096,6083,6131,6178,6203,6242,6278,6327,6380,6421,6484,6576,6722,6762,6805,6898
2,2,Adams,Unincorporated Adams County,2361,2429,2412,2484,2511,2536,2579,2565,2546,2564,2561,2591,2629,2656,2684,2688,2700,2716,2720,2722,2713,2732,2755,2781,2796,2822,2862,2881,2903,2931,2969
3,3,Adams,Incorporated Adams County,2902,2866,2922,2900,2949,3001,3012,3109,3139,3164,3212,3236,3251,3291,3384,3408,3383,3415,3458,3481,3529,3546,3572,3599,3625,3662,3714,3841,3859,3874,3929
4,4,Adams,Hatton,29,32,32,32,32,32,35,35,35,35,35,39,35,36,36,39,39,39,40,40,40,40,41,41,41,43,44,45,45,47,47
5,4,Adams,Lind,243,206,270,225,234,234,252,270,280,298,307,304,300,297,293,290,287,283,280,276,276,275,274,274,272,272,268,268,268,268,268
6,4,Adams,Othello,1637,1637,1633,1660,1697,1748,1740,1804,1822,1827,1864,1880,1903,1943,2039,2061,2032,2067,2118,2146,2185,2203,2230,2257,2287,2323,2378,2505,2522,2533,2588
7,4,Adams,Ritzville,883,883,882,880,879,879,877,875,874,873,873,879,882,884,885,886,887,888,894,894,902,903,902,902,900,899,897,897,898,900,900
8,4,Adams,Washtucna,110,108,105,103,107,108,108,125,128,131,133,134,131,131,131,132,138,138,126,125,126,125,125,125,125,125,127,126,126,126,126
9,1,Asotin,Asotin County,7519,7576,7685,7825,8091,8239,8572,8745,8892,9031,9111,9174,9213,9272,9333,9439,9570,9699,9774,9835,9872,9903,9923,9938,9967,10027,10078,10107,10117,10160,10214
10,2,Asotin,Unincorporated Asotin County,4064,4175,4210,4353,4433,4730,4935,5009,5044,5082,5257,5300,5348,5403,5455,5542,5655,5770,5846,5891,5924,5956,5974,5993,6022,6073,6115,6149,6198,6237,6284
11,3,Asotin,Incorporated Asotin County,3455,3401,3475,3472,3658,3509,3637,3736,3848,3949,3854,3874,3865,3869,3878,3897,3915,3929,3928,3944,3948,3947,3949,3945,3945,3954,3963,3958,3919,3923,3930
12,4,Asotin,Asotin,412,406,410,394,401,424,431,431,437,433,440,444,452,457,463,471,490,498,517,531,537,538,539,542,542,542,545,547,552,555,556
13,4,Asotin,Clarkston,3043,2995,3065,3078,3257,3085,3206,3305,3411,3516,3414,3430,3413,3412,3415,3426,3425,3431,3411,3413,3411,3409,3410,3403,3403,3412,3418,3411,3367,3368,3374
14,1,Benton,Benton County,44877,45555,46305,47375,48925,50796,52395,53513,54258,54876,55963,57052,58364,60017,61667,63403,64754,65743,66898,67749,68618,69739,70883,71956,73182,74437,75245,76112,77512,78759,80190
15,2,Benton,Unincorporated Benton County,9887,10038,10196,10518,10659,11008,11038,11255,11427,11667,11502,11534,11680,11933,12213,12304,12294,12468,11641,11581,11646,11781,11906,11987,12127,12238,12366,12616,12851,12967,13103
16,3,Benton,Incorporated Benton County,34990,35517,36109,36857,38266,39788,41357,42258,42831,43209,44461,45518,46684,48084,49454,51099,52460,53275,55257,56168,56972,57958,58977,59969,61055,62199,62879,63496,64661,65792,67087
17,4,Benton,Benton City,682,774,869,914,1057,1105,1158,1217,1297,1324,1043,1058,1099,1141,1140,1149,1144,1148,1123,1152,1162,1241,1263,1239,1245,1255,1274,1289,1302,1346,1362
18,4,Benton,Kennewick,17207,17488,17813,18106,18693,19272,20198,20657,20909,21107,22068,22573,23039,23763,24227,25088,25953,26285,27658,28106,28507,28745,29030,29460,29924,30256,30573,30928,31276,31711,32222
19,4,Benton,Prosser,1665,1665,1665,1680,1690,1713,1725,1728,1736,1740,1800,1831,1872,1913,1965,2006,2039,2074,2067,2097,2129,2134,2138,2149,2152,2166,2220,2220,2293,2290,2312
20,4,Benton,Richland,13872,14004,14158,14366,14787,15268,15726,16033,16117,16147,16458,16839,17352,17833,18495,19148,19460,19808,20354,20622,20876,21232,21811,22253,22762,23394,23584,23711,24332,24839,25465
21,4,Benton,West Richland,1564,1586,1604,1791,2039,2430,2550,2623,2772,2891,3092,3217,3322,3434,3627,3708,3864,3960,4055,4191,4298,4606,4735,4868,4972,5128,5228,5348,5458,5606,5726
22,1,Chelan,Chelan County,25048,25487,26087,26647,27411,28102,28503,29133,29592,30080,30407,30727,31092,31535,31963,32666,33346,34056,34670,35058,35465,35679,35845,36044,36626,36926,37289,37703,38303,38672,39358
23,2,Chelan,Unincorporated Chelan County,11808,12099,12351,12674,13013,13288,13318,13579,13841,13957,14180,14389,14556,14783,15043,15382,15687,16117,16413,16696,16858,16995,17058,17183,17360,17559,17763,17889,18187,18382,18650
24,3,Chelan,Incorporated Chelan County,13240,13388,13736,13973,14398,14814,15185,15554,15751,16123,16227,16338,16536,16752,16920,17284,17659,17939,18257,18362,18607,18684,18787,18861,19266,19367,19526,19814,20116,20290,20708
25,4,Chelan,Cashmere,1057,1063,1069,1086,1129,1137,1155,1157,1160,1190,1174,1212,1208,1203,1205,1199,1193,1188,1189,1187,1179,1185,1174,1168,1166,1175,1175,1183,1185,1192,1218
26,4,Chelan,Chelan,1666,1693,1739,1772,1795,1819,1834,1893,1943,2019,2060,2070,2091,2127,2145,2185,2226,2267,2352,2386,2517,2534,2549,2561,2580,2613,2646,2689,2769,2841,2893
27,4,Chelan,Entiat,192,193,198,203,238,251,308,309,347,385,400,405,412,417,423,450,479,486,478,481,495,502,504,513,514,521,530,543,551,587,604
28,4,Chelan,Leavenworth,845,851,868,899,984,1003,1027,1089,1095,1104,1107,1110,1125,1143,1167,1183,1189,1208,1240,1241,1241,1242,1242,1245,1245,1250,1254,1268,1276,1288,1315
29,4,Chelan,Wenatchee,9480,9588,9862,10013,10252,10604,10861,11106,11206,11425,11486,11541,11700,11862,11980,12267,12572,12790,12998,13067,13175,13221,13318,13374,13761,13808,13921,14131,14335,14382,14678
59,4,Cowlitz,Woodland (part),928,957,987,1022,1067,1135,1214,1318,1339,1389,1425,1463,1507,1537,1588,1683,1867,1969,2012,2043,2055,2076,2083,2099,2123,2178,2204,2227,2281,2306,2347
30,1,Clallam,Clallam County,25225,26032,26489,27059,27581,28045,28654,29100,29710,30131,30683,31000,31428,31886,32410,32914,33665,34334,34999,35351,35582,35772,35971,36135,36273,36437,36682,36921,37174,37569,37854
31,2,Clallam,Unincorporated Clallam County,14299,14823,15175,15531,15996,16351,16771,17127,17483,17815,18216,18492,18871,19200,19593,20016,20375,20689,20877,21062,21169,21295,21409,21529,21647,21749,21888,22029,22223,22394,22552
32,3,Clallam,Incorporated Clallam County,10926,11209,11314,11528,11585,11694,11883,11973,12227,12316,12467,12508,12557,12686,12817,12898,13290,13645,14122,14289,14413,14477,14562,14606,14626,14688,14794,14892,14951,15175,15302
33,4,Clallam,Forks,1139,1268,1280,1289,1299,1292,1299,1326,1345,1356,1361,1364,1355,1348,1347,1338,1356,1356,1405,1392,1374,1360,1385,1384,1393,1389,1394,1399,1407,1412,1425
34,4,Clallam,Port Angeles,7833,7900,7963,8075,8110,8203,8311,8359,8561,8593,8682,8694,8692,8744,8802,8848,9006,9042,9149,9206,9272,9301,9309,9322,9310,9359,9396,9418,9397,9506,9534
35,4,Clallam,Sequim,1954,2041,2071,2164,2176,2199,2273,2288,2321,2367,2424,2450,2510,2594,2668,2712,2928,3247,3568,3691,3767,3816,3868,3900,3923,3940,4004,4075,4147,4257,4343
36,1,Clark,Clark County,92849,96852,99721,103033,106829,111605,116052,120724,125873,129984,134030,137054,142050,146196,150712,154819,158999,162191,164926,166721,167413,168441,169668,170753,172907,174899,177656,181448,184794,188418,193064
37,2,Clark,Unincorporated Clark County,64870,68271,70779,70213,71973,73119,75906,54611,56738,58891,60820,62248,64562,66722,68725,70868,72951,73672,74784,75302,75498,75935,76349,76912,77535,78426,79959,81490,80842,82588,84142
38,3,Clark,Incorporated Clark County,27979,28581,28942,32820,34856,38486,40146,66113,69135,71093,73210,74806,77488,79474,81987,83951,86048,88519,90142,91419,91915,92506,93319,93841,95372,96473,97697,99958,103952,105830,108922
39,4,Clark,Battle Ground,1376,1415,1450,1495,1623,1796,1938,2443,2871,3055,3209,3464,3857,4311,4809,5119,5375,5465,5706,5857,5952,6040,6084,6169,6404,6506,6638,6956,7118,7290,7427
40,4,Clark,Camas,2682,2723,2805,2886,2981,3225,3598,3911,4259,4528,4736,4952,5251,5533,6026,6122,6382,6574,6796,6925,7072,7182,7341,7415,7493,7647,7844,8293,8538,8678,9028
41,4,Clark,La Center,173,173,178,181,273,368,431,456,505,555,585,619,652,671,723,765,884,903,941,965,981,996,1061,1070,1079,1086,1100,1115,1159,1186,1290
42,4,Clark,Ridgefield,455,462,476,497,528,551,593,646,659,765,777,792,797,815,827,1022,1273,1431,1544,1641,1695,1779,1857,1933,2138,2248,2406,2521,2698,3074,3380
43,4,Clark,Vancouver,21025,21492,21601,25254,26826,29759,30736,55064,57174,58407,60039,61023,62816,63785,64845,65865,66655,68375,69159,69875,70005,70249,70663,70882,71780,72437,73076,74358,77592,78646,80725
44,4,Clark,Washougal,2010,2053,2164,2197,2243,2394,2465,3213,3280,3375,3463,3552,3695,3942,4337,4627,5021,5276,5468,5628,5673,5717,5764,5820,5925,5997,6078,6147,6258,6364,6476
45,4,Clark,Woodland (part),51,53,55,77,87,87,69,63,63,65,57,58,57,55,53,56,59,47,52,53,53,53,53,53,53,53,53,53,53,53,54
46,4,Clark,Yacolt,207,210,213,233,295,306,316,317,324,343,344,346,363,362,367,375,399,448,476,475,484,490,496,499,500,499,502,515,536,539,542
47,1,Columbia,Columbia County,2046,2051,2044,2042,2040,2034,2029,2027,2023,2021,2018,2054,2063,2077,2083,2106,2124,2113,2127,2135,2136,2147,2149,2157,2155,2180,2191,2199,2208,2211,2219
48,2,Columbia,Unincorporated Columbia County,809,814,803,794,787,802,772,773,763,759,751,763,771,788,795,807,817,825,833,843,845,850,852,860,859,876,886,892,901,909,917
49,3,Columbia,Incorporated Columbia County,1237,1237,1241,1248,1253,1232,1257,1254,1260,1262,1267,1291,1292,1289,1288,1299,1307,1288,1294,1292,1291,1297,1297,1297,1296,1304,1305,1307,1307,1302,1302
50,4,Columbia,Dayton,1132,1132,1131,1138,1143,1151,1173,1168,1174,1176,1181,1205,1206,1203,1202,1211,1218,1199,1204,1201,1200,1206,1206,1206,1205,1213,1214,1216,1216,1211,1211
51,4,Columbia,Starbuck,105,105,110,110,110,81,84,86,86,86,86,86,86,86,86,88,89,89,90,91,91,91,91,91,91,91,91,91,91,91,91
52,1,Cowlitz,Cowlitz County,33304,33684,34147,34642,35180,35805,36428,36945,37462,38029,38624,39196,39724,40136,40613,41136,41824,42438,42900,43271,43450,43591,43697,43822,44009,44218,44437,44685,45087,45444,45832
53,2,Cowlitz,Unincorporated Cowlitz County,12764,12940,13040,13264,13540,13786,14071,14441,14429,14846,15217,15502,15770,16062,16359,16701,17054,17448,17619,17868,17943,17991,17970,18045,18162,18264,18400,18576,18802,19043,19317
54,3,Cowlitz,Incorporated Cowlitz County,20540,20744,21107,21378,21640,22019,22357,22504,23033,23183,23407,23694,23954,24074,24254,24435,24770,24990,25281,25403,25507,25600,25727,25777,25847,25954,26037,26109,26285,26401,26515
55,4,Cowlitz,Castle Rock,842,844,839,845,849,854,859,860,859,862,890,884,885,886,886,878,872,868,867,866,863,871,932,932,942,940,951,950,950,956,958
56,4,Cowlitz,Kalama,491,491,500,512,538,554,652,673,706,754,800,821,837,846,848,852,869,903,1070,1076,1070,1084,1089,1094,1111,1131,1147,1180,1235,1273,1296
57,4,Cowlitz,Kelso,4838,4921,5034,4959,4937,5004,5028,5089,5213,5042,5067,5063,5078,5070,5063,5074,5097,5109,5113,5126,5139,5143,5147,5155,5159,5159,5163,5165,5180,5183,5209
58,4,Cowlitz,Longview,13441,13531,13747,14040,14249,14472,14604,14564,14916,15136,15225,15463,15647,15735,15869,15948,16065,16141,16219,16292,16380,16426,16476,16497,16512,16546,16572,16587,16639,16683,16705
60,1,Douglas,Douglas County,10636,11204,11084,11350,11545,11768,12004,12209,12533,12747,12944,13099,13326,13569,13831,14126,14506,14901,15432,15822,16004,16102,16214,16299,16417,16591,16772,16976,17193,17408,17756
61,2,Douglas,Unincorporated Douglas County,7932,7998,7817,7986,8154,7877,8077,8188,8434,8606,8769,8901,8055,8264,8483,8737,7844,8176,8555,8847,8962,9045,9130,9203,9302,9432,9546,9682,9855,10030,10315
62,3,Douglas,Incorporated Douglas County,2704,3206,3267,3364,3391,3891,3927,4021,4099,4141,4175,4198,5271,5305,5348,5389,6662,6725,6877,6975,7042,7057,7084,7096,7115,7159,7226,7294,7338,7378,7441
63,4,Douglas,Bridgeport,611,617,658,712,714,724,698,724,734,748,762,765,761,756,750,750,745,743,735,744,745,743,748,751,759,763,769,768,767,772,772
64,4,Douglas,Coulee Dam (part),93,93,93,89,85,81,77,73,69,65,59,59,93,93,93,94,94,94,94,94,94,94,94,94,94,94,94,94,94,94,94
65,4,Douglas,East Wenatchee,1217,1701,1707,1735,1749,2180,2241,2333,2385,2405,2429,2446,3491,3530,3579,3616,4904,4960,5121,5211,5275,5289,5309,5316,5323,5330,5376,5423,5453,5462,5474
66,4,Douglas,Mansfield,170,170,170,170,170,169,169,168,168,168,168,170,169,168,168,168,168,168,169,168,169,169,171,172,172,172,173,173,172,172,172
67,4,Douglas,Rock Island,188,193,201,208,210,243,248,266,263,281,276,275,274,274,277,280,269,275,276,277,277,277,277,278,278,309,321,339,355,379,424
68,4,Douglas,Waterville,425,432,438,450,463,494,494,457,480,474,481,483,483,484,481,481,482,485,482,481,482,485,485,485,489,491,493,497,497,499,505
69,1,Ferry,Ferry County,3239,3277,3330,3382,3430,3519,3595,3655,3699,3729,3775,3855,3919,3973,4004,4069,4143,4215,4287,4357,4403,4418,4438,4459,4473,4494,4520,4548,4566,4602,4638
70,2,Ferry,Unincorporated Ferry County,2779,2838,2906,2951,2990,3057,3105,3161,3195,3231,3275,3337,3402,3453,3489,3551,3621,3687,3750,3816,3867,3879,3899,3920,3933,3954,3979,4003,4021,4057,4089
71,3,Ferry,Incorporated Ferry County,460,439,424,431,440,462,490,494,504,498,500,518,517,520,515,518,522,528,537,541,536,539,539,539,540,540,541,545,545,545,549
72,4,Ferry,Republic,460,439,424,431,440,462,490,494,504,498,500,518,517,520,515,518,522,528,537,541,536,539,539,539,540,540,541,545,545,545,549
73,1,Franklin,Franklin County,13664,13883,13918,14116,14370,14635,14859,15204,15473,15780,16084,16483,17115,17820,18822,20441,21636,22502,23200,23897,24423,25070,25633,26206,26608,26930,27365,27862,28476,29110,29794
74,2,Franklin,Unincorporated Franklin County,5104,5159,5255,5364,5306,5364,5465,4751,4665,4739,4628,4686,4494,4253,4330,4317,4380,4400,4443,4471,4477,4548,4611,4129,4181,4225,3876,3976,4096,4216,4297
75,3,Franklin,Incorporated Franklin County,8560,8724,8663,8752,9064,9271,9394,10453,10808,11041,11456,11797,12621,13567,14492,16124,17256,18102,18757,19426,19946,20522,21022,22077,22427,22705,23489,23886,24380,24894,25497
76,4,Franklin,Connell,675,707,696,718,815,829,780,858,875,885,891,887,910,915,910,905,898,895,899,914,922,931,938,953,955,966,969,977,987,1003,1014
77,4,Franklin,Kahlotus,90,99,115,95,134,138,136,136,129,118,113,113,113,112,113,114,113,114,111,113,114,113,114,110,109,109,109,97,97,97,97
78,4,Franklin,Mesa,97,97,104,104,104,104,111,111,111,111,111,117,119,120,120,121,122,122,123,126,128,128,130,130,130,129,129,129,129,129,130
79,4,Franklin,Pasco,7698,7821,7748,7835,8011,8200,8367,9348,9693,9927,10341,10680,11479,12420,13349,14984,16123,16971,17624,18273,18782,19350,19840,20884,21233,21501,22282,22683,23167,23665,24256
80,1,Garfield,Garfield County,1209,1212,1219,1217,1240,1247,1259,1264,1267,1273,1288,1282,1276,1266,1257,1253,1248,1241,1237,1234,1233,1235,1235,1238,1234,1242,1241,1240,1241,1245,1247
81,2,Garfield,Unincorporated Garfield County,513,515,513,512,509,515,520,527,526,532,548,542,538,532,525,521,518,512,510,509,510,514,515,518,515,523,522,522,523,526,528
82,3,Garfield,Incorporated Garfield County,696,697,706,705,731,732,739,737,741,741,740,740,738,734,732,732,730,729,727,725,723,721,720,720,719,719,719,718,718,719,719
83,4,Garfield,Pomeroy,696,697,706,705,731,732,739,737,741,741,740,740,738,734,732,732,730,729,727,725,723,721,720,720,719,719,719,718,718,719,719
84,1,Grant,Grant County,22810,23148,23639,24231,24957,25783,26567,27136,27835,28494,29081,29553,29945,30354,30917,31383,32046,32937,33911,34604,35083,35408,35736,36029,36342,36777,37128,37487,38335,39088,39760
85,2,Grant,Unincorporated Grant County,10891,11136,11350,11832,12117,12552,12720,13037,13281,13603,13930,14115,14252,14500,14813,15114,15524,15986,16316,16551,16687,16743,16857,16985,17084,17250,17421,17586,17796,18043,18272
86,3,Grant,Incorporated Grant County,11919,12012,12289,12399,12840,13231,13847,14099,14554,14891,15151,15438,15693,15854,16104,16269,16522,16951,17595,18053,18396,18665,18879,19044,19258,19527,19707,19901,20539,21045,21488
87,4,Grant,Coulee City,311,283,319,283,306,332,327,320,318,328,351,362,360,355,350,342,339,337,335,333,331,332,330,330,330,330,329,329,330,332,337
88,4,Grant,Coulee Dam (part),1,1,1,1,1,1,1,1,1,1,1,1,0,0,0,0,0,0,0,0,0,0,0,0,0,0,0,0,0,0,0
89,4,Grant,Electric City,410,411,411,410,412,414,415,415,415,419,420,443,454,461,466,474,484,496,505,511,524,537,541,540,533,533,532,535,539,540,541
90,4,Grant,Ephrata,2350,2370,2390,2405,2473,2555,2655,2690,2739,2765,2788,2830,2865,2903,2929,2956,2982,3028,3079,3112,3086,3105,3128,3167,3179,3201,3224,3216,3246,3277,3292
91,4,Grant,George,119,122,126,127,149,182,180,180,240,180,162,163,168,158,153,151,151,162,172,170,168,218,218,222,222,223,223,223,223,227,230
92,4,Grant,Grand Coulee,568,568,573,544,549,556,549,551,549,544,530,530,535,536,536,539,540,537,538,539,554,576,578,577,580,579,578,579,579,583,582
93,4,Grant,Hartline,92,92,92,96,84,81,81,81,77,77,77,78,78,80,82,84,84,84,85,85,87,87,87,87,87,88,88,88,88,89,89
94,4,Grant,Krupp,26,26,26,26,28,28,28,28,30,30,30,32,31,31,31,25,29,29,29,28,28,28,28,28,28,28,28,28,28,28,28
95,4,Grant,Mattawa,266,291,343,375,439,459,475,483,483,496,576,632,654,717,769,786,806,819,832,851,843,848,855,862,842,861,879,905,914,920,928
96,4,Grant,Moses Lake,4635,4662,4712,4787,4944,5125,5486,5556,5796,6086,6263,6376,6561,6625,6780,6855,6991,7317,7731,8084,8365,8495,8644,8732,8879,9093,9192,9343,9882,10199,10454
97,4,Grant,Quincy,1362,1373,1398,1402,1426,1456,1491,1512,1537,1547,1552,1597,1608,1616,1649,1658,1729,1752,1903,1982,2020,2044,2071,2090,2161,2173,2201,2214,2248,2366,2442
98,4,Grant,Royal City,327,339,353,390,436,366,389,418,467,447,504,499,492,486,479,498,492,491,487,456,494,497,499,506,511,516,518,519,525,535,609
99,4,Grant,Soap Lake,813,822,882,873,897,930,963,1023,1023,1077,996,979,975,988,982,977,974,976,978,982,977,978,979,982,984,981,988,993,1003,1008,1000
100,4,Grant,Warden,543,548,558,573,591,641,701,735,771,783,790,808,803,787,785,811,808,808,806,804,803,804,805,805,806,805,811,813,818,825,840
101,4,Grant,Wilson Creek,96,104,105,107,105,105,106,106,108,111,111,108,109,111,113,113,113,115,115,116,116,116,116,116,116,116,116,116,116,116,116
102,1,Grays Harbor,Grays Harbor County,29932,30101,30363,30610,30964,31256,31537,31834,31955,32166,32489,32621,32801,32969,33260,33696,34207,34556,34899,35092,35166,35265,35398,35515,35652,35759,35908,36116,36354,36673,37034
103,2,Grays Harbor,Unincorporated Grays Harbor County,11309,11403,11515,11438,11566,11635,11706,11822,11806,11957,12128,12167,12213,12268,12342,12414,12552,12677,12786,12825,12816,12866,12909,12963,13049,13084,13144,13237,13274,13402,13509
104,3,Grays Harbor,Incorporated Grays Harbor County,18623,18698,18848,19172,19398,19621,19831,20012,20149,20209,20361,20454,20588,20701,20918,21282,21655,21879,22113,22267,22350,22399,22489,22552,22603,22675,22764,22879,23080,23271,23525
105,4,Grays Harbor,Aberdeen,7570,7572,7566,7578,7559,7561,7557,7555,7556,7547,7536,7519,7514,7495,7484,7463,7447,7403,7398,7374,7338,7341,7342,7334,7323,7315,7318,7324,7312,7316,7333
106,4,Grays Harbor,Cosmopolis,578,578,578,579,580,639,651,661,662,677,681,679,676,680,684,687,702,712,715,714,714,713,712,714,713,717,721,724,725,732,738
107,4,Grays Harbor,Elma,1210,1200,1208,1212,1194,1222,1303,1303,1317,1307,1330,1321,1323,1316,1331,1370,1331,1335,1324,1318,1307,1308,1307,1312,1319,1326,1330,1332,1391,1397,1421
108,4,Grays Harbor,Hoquiam,3973,3952,3935,3952,3952,3978,3973,4021,4051,4052,4023,4003,4006,3996,3972,3970,3983,3977,3951,3940,3938,3910,3895,3883,3883,3881,3874,3872,3869,3864,3860
109,4,Grays Harbor,McCleary,594,593,593,593,593,593,592,592,592,591,595,601,604,613,622,637,689,715,732,748,759,764,764,769,769,773,775,781,808,818,832
110,4,Grays Harbor,Montesano,1238,1242,1244,1369,1383,1390,1402,1409,1400,1407,1408,1421,1441,1454,1476,1498,1577,1618,1645,1666,1684,1689,1701,1708,1711,1723,1726,1732,1747,1752,1756
111,4,Grays Harbor,Oakville,216,230,229,236,240,244,248,250,254,252,260,262,265,264,265,267,281,285,288,290,291,290,293,293,293,293,295,296,296,297,296
112,4,Grays Harbor,Ocean Shores,2101,2188,2318,2415,2563,2673,2763,2867,2977,3083,3170,3285,3395,3508,3661,3848,4086,4275,4491,4651,4758,4816,4901,4961,5013,5066,5140,5227,5339,5499,5689
113,4,Grays Harbor,Westport,1143,1143,1177,1238,1334,1321,1342,1354,1340,1293,1358,1363,1364,1375,1423,1542,1559,1559,1569,1566,1561,1568,1574,1578,1579,1581,1585,1591,1593,1596,1600
114,1,Island,Island County,25860,26884,27517,28107,28618,29316,29875,30573,31203,31811,32378,33033,33883,34667,35601,36635,37583,38509,39408,39915,40234,40444,40588,40701,40877,41171,41454,41751,42165,42545,42917
115,2,Island,Unincorporated Island County,18628,19354,19750,20128,20592,21165,21596,21974,22345,22797,23250,23772,24400,25034,25644,26324,27081,27849,28456,28819,29070,29181,29310,29387,29539,29765,30007,30230,30602,30922,31305
116,3,Island,Incorporated Island County,7232,7530,7767,7979,8026,8151,8279,8599,8858,9014,9128,9261,9483,9633,9957,10311,10502,10660,10952,11096,11164,11263,11278,11314,11338,11406,11447,11521,11563,11623,11612
117,4,Island,Coupeville,638,680,718,717,730,747,766,778,794,804,814,815,819,834,846,865,883,903,943,945,933,947,958,968,969,972,976,986,985,1005,1006
118,4,Island,Langley,421,426,447,461,474,496,504,530,534,532,542,551,580,588,607,617,624,631,648,667,678,687,693,698,703,718,740,755,762,771,772
119,4,Island,Oak Harbor,6173,6424,6602,6801,6822,6908,7009,7291,7530,7678,7772,7895,8084,8211,8504,8829,8995,9126,9361,9484,9553,9629,9627,9648,9666,9716,9731,9780,9816,9847,9834
120,1,Jefferson,Jefferson County,11014,11409,11836,12210,12568,12907,13150,13421,13628,13916,14144,14501,14873,15195,15550,16058,16497,16909,17306,17554,17767,17887,17965,18033,18143,18251,18382,18487,18617,18737,18825
121,2,Jefferson,Unincorporated Jefferson County,7734,8002,8221,8488,8750,8977,9210,9399,9583,9719,9894,10138,10423,10694,10975,11301,11640,11966,12251,12442,12574,12650,12708,12756,12835,12914,13002,13098,13203,13305,13389
122,3,Jefferson,Incorporated Jefferson County,3280,3407,3615,3722,3818,3930,3940,4022,4045,4197,4250,4363,4450,4501,4575,4757,4857,4943,5055,5112,5193,5237,5257,5277,5308,5337,5380,5389,5414,5432,5436
123,4,Jefferson,Port Townsend,3280,3407,3615,3722,3818,3930,3940,4022,4045,4197,4250,4363,4450,4501,4575,4757,4857,4943,5055,5112,5193,5237,5257,5277,5308,5337,5380,5389,5414,5432,5436
124,1,King,King County,647339,665496,674144,682173,689899,696213,702215,709896,721201,731928,742239,753798,765454,775986,787023,796637,806385,816787,826677,837771,851261,857258,862221,870086,880304,894045,907363,922173,937277,956128,973310
125,2,King,Unincorporated King County,192117,198832,200869,187754,185472,181699,155914,156065,146194,139962,129264,130389,130828,131894,134652,136172,138273,138489,127456,126909,125920,111419,99009,97014,94818,95241,91723,92208,92601,93179,93489
126,3,King,Incorporated King County,455222,466664,473275,494419,504427,514514,546301,553831,575007,591966,612975,623409,634626,644092,652371,660465,668112,678298,699221,710862,725341,745839,763212,773072,785486,798804,815640,829965,844676,862949,879821
127,4,King,Algona,620,665,781,803,827,844,878,896,912,916,878,896,906,941,972,984,991,998,1007,1014,1018,1037,1037,1037,1037,1042,1052,1052,1049,1053,1060
128,4,King,Auburn (part),14156,14057,14474,14620,14861,14980,15268,15529,15862,16623,17664,17912,18210,18435,18530,18572,18701,18862,24423,24530,24688,24801,24887,25134,25417,25576,25700,26206,26740,27391,27412
129,4,King,Beaux Arts Village,119,144,139,139,139,139,139,134,134,119,124,124,123,121,120,119,118,120,119,118,118,118,120,117,118,119,118,119,120,119,119
130,4,King,Bellevue,37427,37951,38304,38918,43697,45205,45889,46266,47076,47885,48519,49774,51954,52418,52662,51795,51856,52189,52761,53165,55551,56095,56250,58539,58620,59043,60443,61128,61714,62372,63788
131,4,King,Black Diamond,579,611,618,638,648,697,797,811,1474,1525,1538,1562,1572,1588,1595,1611,1617,1635,1659,1674,1686,1689,1690,1691,1691,1698,1714,1727,1735,1808,2087
132,4,King,Bothell (part),5034,5529,5641,5682,5829,5955,6011,6256,6873,6892,6944,7019,7045,7135,7165,7255,7376,7456,7523,7543,7553,7595,7633,7683,10643,10952,11300,11433,11700,12208,12777
133,4,King,Burien,,,,12727,12730,12758,12780,12810,12803,13780,13898,13936,14010,14047,14067,14083,14107,14247,14308,14476,14322,19862,19908,19950,20037,20214,20271,20322,20738,20793,20857
134,4,King,Carnation,452,460,467,499,523,544,560,601,627,646,650,659,659,661,661,662,662,662,664,665,665,662,665,665,665,668,684,751,795,817,834
135,4,King,Clyde Hill,1077,1077,1077,1077,1076,1076,1076,1076,1076,1102,1076,1083,1086,1076,1075,1084,1084,1087,1081,1089,1099,1102,1101,1100,1102,1102,1096,1085,1095,1100,1099
136,4,King,Covington,,,,,,,,,4418,4455,4473,4505,4711,5061,5382,5716,5905,5876,5948,6018,6081,6107,6153,6261,6368,6374,6379,6972,7037,7102,7185
137,4,King,Des Moines,7438,7532,7893,8310,9070,9109,9743,11445,11443,11739,11777,11958,12027,12101,12174,12247,12311,12353,12414,12524,12588,12590,12588,12602,12704,12687,12777,12740,12701,12898,13176
138,4,King,Duvall,979,1066,1102,1128,1154,1218,1283,1348,1442,1546,1646,1743,1877,2020,2096,2126,2181,2222,2268,2303,2315,2325,2404,2475,2535,2550,2559,2572,2624,2684,2721
139,4,King,Enumclaw (part),3031,3264,3705,3814,3947,4082,4121,4214,4214,4414,4456,4487,4513,4533,4552,4576,4608,4646,4677,4674,4683,4788,4837,4863,4857,4864,4912,4935,5020,5228,5376
140,4,King,Federal Way,28035,29690,30218,30582,30785,30841,31188,31566,32062,32278,32581,32892,32957,33148,33282,34602,34840,35058,35231,35407,35444,35468,35493,35556,35626,35752,36424,36938,37085,37257,37356
141,4,King,Hunts Point,206,226,213,213,226,239,239,253,266,209,186,190,190,188,190,190,188,185,183,180,181,178,179,179,181,183,185,186,187,186,184
142,4,King,Issaquah,3348,3725,3680,3799,3831,4255,4330,4599,4807,4990,5195,6409,6598,7963,8621,9308,10021,12338,13206,13636,13914,14018,14253,14684,14915,15082,15186,16202,16647,16801,17424
143,4,King,Kenmore,,,,,,,,,,7543,7562,7625,7733,7808,7971,8078,8180,8274,8352,8479,8569,8689,8737,8787,8835,8872,9099,9257,9429,9485,9548
144,4,King,Kent,17484,18550,18686,19064,19424,20490,26423,27086,31086,31479,32488,33737,34544,34823,35306,35584,35714,35949,36009,36387,36424,45644,45969,46195,46417,46786,46962,47294,47704,48228,48409
145,4,King,Kirkland,18063,18507,19053,19194,19279,19566,20060,20222,20801,21307,21831,22209,22308,22545,22824,22993,23271,23642,23917,24142,24345,24474,37135,37305,37784,38099,38351,38765,38986,39312,39955
146,4,King,Lake Forest Park,1281,1283,1330,1292,1541,2894,4851,4864,5030,5155,5168,5182,5189,5195,5203,5232,5243,5243,5261,5263,5268,5272,5287,5303,5324,5329,5358,5389,5427,5494,5507
147,4,King,Maple Valley,,,,,,,,,4583,4787,4922,5062,5274,5536,5996,6366,6758,7052,7216,7338,7997,8105,8245,8406,8473,8625,8649,8695,8825,9280,9432
148,4,King,Medina,1172,1171,1170,1167,1166,1165,1162,1162,1163,1164,1165,1156,1166,1164,1169,1169,1165,1165,1166,1171,1162,1163,1171,1174,1184,1198,1209,1220,1234,1233,1253
149,4,King,Mercer Island,8321,8471,8522,8516,8509,8520,8642,8702,8767,8816,8806,8836,8894,8997,9135,9161,9293,9697,9729,9803,9930,9933,9926,9929,10102,10191,10229,10449,10473,10506,10621
150,4,King,Milton (part),273,272,278,286,291,293,295,304,309,324,330,331,335,336,338,347,349,349,352,356,357,359,361,361,478,480,600,608,608,608,735
151,4,King,Newcastle,,,,,,2884,2948,3032,3085,3082,3117,3160,3335,3468,3609,3743,3847,3967,4060,4213,4227,4246,4275,4345,4401,4429,4447,4550,5188,5214,5428
152,4,King,Normandy Park,2628,2630,2641,2643,2644,2645,2667,2669,2670,2670,2670,2676,2682,2689,2781,2786,2791,2796,2792,2817,2838,2842,2844,2846,2852,2867,2869,2874,2876,2876,2881
153,4,King,North Bend,1097,1100,1107,1112,1217,1297,1365,1487,1708,1850,1889,1895,1898,1888,1904,1921,1928,1932,1932,1970,2348,2390,2403,2465,2543,2608,2639,2649,2730,2783,2970
154,4,King,Pacific (part),1815,1829,1934,1958,1980,1994,2010,2018,2020,2024,2025,2028,2045,2126,2159,2195,2219,2263,2325,2369,2377,2377,2380,2433,2449,2452,2452,2456,2463,2460,2466
155,4,King,Redmond,14972,16154,16372,16853,17054,17373,17787,18468,19090,19874,20248,20365,20651,21261,21792,22181,22588,22836,23106,23280,24177,24671,24831,24933,25549,26141,26509,27169,27898,28619,30760
156,4,King,Renton,19243,20028,20072,20219,20403,20755,20845,21102,21355,22170,22676,23325,24493,25245,25851,26507,27009,27655,35596,37554,38930,39767,40350,40769,41009,41280,41988,42405,42621,42855,43143
157,4,King,Sammamish,,,,,,,,,,,11599,11871,12193,12592,13468,14286,14649,14917,15166,15361,15736,16148,16305,16490,16762,16959,21090,21310,21774,22159,22390
158,4,King,SeaTac,10190,10180,10187,10183,10178,10178,10172,10166,10165,10167,10176,10128,10065,10084,10106,10264,10248,10285,10424,10313,10360,10404,10509,10505,10504,10505,10512,10803,10836,10855,10831
159,4,King,Seattle,249032,251863,254960,257263,259649,260616,261718,262878,265490,267315,270524,273651,277905,280969,283045,285677,288899,292439,295920,301899,308516,310824,313015,317747,323445,332878,340479,348117,356568,367806,376117
160,4,King,Shoreline,,,,,,,18947,19748,19858,20731,21338,21402,21488,21581,21738,21829,21802,21972,22127,22620,22787,22920,22956,23103,23290,23459,23477,23487,23762,24127,24312
161,4,King,Skykomish,159,159,162,164,156,147,161,135,139,159,162,163,164,165,165,167,167,168,166,167,168,167,171,167,166,164,166,167,173,173,173
162,4,King,Snoqualmie,637,637,637,637,637,637,638,638,639,646,656,1393,1726,1978,2392,2670,2950,3256,3541,3684,3761,3876,3997,4114,4227,4475,4546,4592,4673,4748,4740
163,4,King,Tukwila,5972,7448,7468,7467,7468,7597,7598,7621,7656,7680,7725,7715,7745,7763,7772,7766,7772,7778,7783,7773,7755,7726,7733,7740,7761,7779,7799,7833,7869,8445,8625
164,4,King,Woodinville,,,,3068,3103,3132,3319,3331,3510,3510,3900,3955,3959,4045,4107,4221,4310,4333,4413,4492,4996,4997,5004,5006,5006,4910,5004,5099,5154,5450,5648
165,4,King,Yarrow Point,382,385,384,384,385,389,391,394,394,394,393,395,396,398,396,392,394,396,396,395,407,410,410,413,409,412,406,409,418,416,422
166,1,Kitsap,Kitsap County,74038,77067,79294,81805,83752,86289,87880,89421,90363,91499,92644,93875,95433,96916,98385,99880,101652,103709,105552,106830,107367,107364,107858,108449,109136,109474,110385,111145,112344,113145,114165
167,2,Kitsap,Unincorporated Kitsap County,52512,49971,51880,53962,55595,57094,58243,59395,59966,60522,61326,62163,63480,64618,65661,66814,68253,69607,70548,71261,70759,70913,71067,70886,71244,71391,71698,72098,72605,73008,73489
168,3,Kitsap,Incorporated Kitsap County,21526,27096,27414,27843,28157,29195,29637,30026,30397,30977,31318,31712,31953,32298,32724,33066,33399,34102,35004,35569,36608,36451,36791,37563,37892,38083,38687,39047,39739,40137,40676
169,4,Kitsap,Bainbridge Island,1596,6869,7057,7241,7367,7635,7769,7891,8019,8339,8517,8773,8948,9147,9391,9562,9783,10182,10379,10497,10584,10604,10624,10669,10735,10754,10832,10922,11061,11185,11416
170,4,Kitsap,Bremerton,15693,15818,15841,15896,16007,16371,16412,16495,16537,16637,16631,16645,16621,16684,16704,16685,16749,16955,17356,17378,17273,16915,17090,17240,17281,17194,17535,17612,17991,17998,18033
171,4,Kitsap,Port Orchard,2090,2100,2169,2328,2361,2580,2727,2865,2918,3072,3178,3220,3271,3304,3364,3442,3473,3512,3603,3616,4636,4780,4888,5375,5527,5695,5791,5862,5911,6015,6135
172,4,Kitsap,Poulsbo,2147,2309,2347,2378,2422,2609,2729,2775,2923,2929,2992,3074,3113,3163,3265,3377,3394,3453,3666,4078,4115,4152,4189,4279,4349,4440,4529,4651,4776,4939,5092
173,1,Kittitas,Kittitas County,13215,13449,13683,13986,14304,14733,15014,15313,15737,16272,16475,16903,17246,17757,18281,18828,19482,20299,20990,21503,21900,22103,22256,22440,22731,23081,23374,23662,23940,24405,25072
174,2,Kittitas,Unincorporated Kittitas County,6130,6288,6492,6651,6787,6930,7087,7198,7192,7285,7444,7726,8050,8397,8734,9152,9621,10222,10761,11158,11430,11567,11631,11742,11953,12136,12381,12596,12850,13183,13484
175,3,Kittitas,Incorporated Kittitas County,7085,7161,7191,7335,7517,7803,7927,8115,8545,8987,9031,9177,9196,9360,9547,9676,9861,10077,10229,10345,10470,10536,10625,10698,10778,10945,10993,11066,11090,11222,11588
176,4,Kittitas,Cle Elum,887,891,894,895,896,903,904,910,918,952,956,962,976,990,1005,1012,1023,1062,1093,1100,1105,1106,1101,1102,1099,1098,1100,1104,1105,1121,1162
177,4,Kittitas,Ellensburg,5014,5078,5089,5205,5371,5569,5704,5872,6295,6695,6732,6832,6830,6956,7121,7233,7401,7557,7670,7765,7867,7909,8005,8080,8156,8315,8363,8428,8436,8549,8870
178,4,Kittitas,Kittitas,368,374,387,407,422,508,493,503,502,509,510,514,513,526,531,535,537,545,553,565,579,602,600,599,609,618,618,622,628,630,631
179,4,Kittitas,Roslyn,606,608,611,618,618,613,616,620,620,621,623,626,628,632,631,636,640,642,643,646,648,648,649,647,645,645,645,645,653,653,655
180,4,Kittitas,South Cle Elum,210,210,210,210,210,210,210,210,210,210,210,243,249,256,259,260,260,271,270,269,271,271,270,270,269,269,267,267,268,269,270
181,1,Klickitat,Klickitat County,7213,7306,7371,7490,7618,7783,7956,8128,8306,8482,8633,8743,8877,9002,9165,9268,9417,9523,9631,9688,9786,9866,9952,10034,10152,10285,10430,10592,10738,10920,11069
182,2,Klickitat,Unincorporated Klickitat County,4650,4732,4789,4894,4982,5103,5263,5400,5497,5621,5668,5775,5888,6024,6151,6277,6410,6546,6655,6717,6799,6891,6960,7030,7120,7163,7296,7415,7536,7664,7768
183,3,Klickitat,Incorporated Klickitat County,2563,2574,2582,2596,2636,2680,2693,2728,2809,2861,2965,2968,2989,2978,3014,2991,3007,2977,2976,2971,2987,2975,2992,3004,3032,3122,3134,3177,3202,3256,3301
184,4,Klickitat,Bingen,329,329,329,328,328,328,328,328,328,328,327,330,328,325,320,320,321,319,317,315,313,315,319,318,320,321,321,321,322,325,322
185,4,Klickitat,Goldendale,1418,1424,1438,1448,1476,1491,1495,1523,1590,1619,1690,1675,1688,1662,1696,1656,1660,1650,1645,1641,1635,1617,1620,1621,1626,1651,1656,1685,1701,1710,1714
186,4,Klickitat,White Salmon,816,821,815,820,832,861,870,877,891,914,948,963,973,991,998,1015,1026,1008,1014,1015,1039,1043,1053,1065,1086,1150,1157,1171,1179,1221,1265
187,1,Lewis,Lewis County,25487,25761,26066,26447,26860,27468,28002,28506,28922,29240,29585,30036,30409,30791,31271,31742,32341,32933,33526,33841,34050,34316,34439,34482,34706,34779,34900,35173,35342,35610,35953
188,2,Lewis,Unincorporated Lewis County,15454,15648,15824,16109,16365,16660,17067,17111,17306,17558,17755,17985,18250,18537,18864,19249,19687,20134,20476,20618,20768,20972,20989,21047,21178,21214,21310,21548,21719,21939,22183
189,3,Lewis,Incorporated Lewis County,10033,10113,10242,10338,10495,10808,10935,11395,11616,11682,11830,12051,12159,12254,12407,12493,12654,12799,13050,13223,13282,13344,13450,13435,13528,13565,13590,13625,13623,13671,13770
190,4,Lewis,Centralia,5234,5288,5382,5424,5509,5628,5738,6174,6330,6387,6510,6657,6731,6817,6955,7020,7073,7142,7201,7239,7265,7323,7405,7391,7453,7500,7501,7499,7505,7514,7550
191,4,Lewis,Chehalis,2694,2703,2719,2725,2742,2799,2828,2847,2854,2857,2871,2866,2878,2890,2888,2904,2932,2947,3114,3122,3131,3129,3152,3150,3161,3161,3170,3184,3181,3187,3192
192,4,Lewis,Morton,513,513,510,509,504,561,491,488,488,487,487,485,490,486,484,486,534,535,535,536,535,534,534,533,535,536,536,535,537,539,548
193,4,Lewis,Mossyrock,209,209,209,209,210,215,217,217,217,217,215,215,226,225,223,222,222,216,217,301,302,302,303,304,308,296,289,312,298,306,317
194,4,Lewis,Napavine,279,285,294,326,344,371,410,433,462,470,483,489,495,497,515,518,540,592,610,645,662,671,670,672,681,685,708,711,719,740,748
195,4,Lewis,Pe Ell,249,247,248,250,253,264,268,270,297,290,289,291,289,289,289,282,289,289,291,290,290,291,292,292,293,293,294,295,298,302,302
196,4,Lewis,Toledo,261,263,268,269,272,283,283,283,282,283,283,302,302,301,302,302,302,301,303,304,304,303,303,303,306,304,302,302,302,302,302
197,4,Lewis,Vader,179,185,182,188,207,207,232,218,221,227,230,235,237,238,237,244,246,247,251,253,258,258,258,257,258,256,256,254,249,247,249
198,4,Lewis,Winlock,415,420,430,438,454,480,468,465,465,464,462,511,511,511,514,515,516,530,528,533,535,533,533,533,533,534,534,533,534,534,562
199,1,Lincoln,Lincoln County,4607,4646,4664,4697,4773,4851,4925,5005,5118,5214,5298,5337,5376,5427,5475,5532,5609,5679,5758,5773,5776,5813,5838,5864,5908,5951,6005,6065,6125,6198,6245
200,2,Lincoln,Unincorporated Lincoln County,2003,2064,2097,2098,2164,2240,2276,2351,2440,2517,2599,2636,2682,2737,2797,2853,2928,2995,3070,3079,3103,3139,3167,3195,3241,3279,3327,3380,3435,3504,3552
201,3,Lincoln,Incorporated Lincoln County,2604,2582,2567,2599,2609,2611,2649,2654,2678,2697,2699,2701,2694,2690,2678,2679,2681,2684,2688,2694,2673,2674,2671,2669,2667,2672,2678,2685,2690,2694,2693
202,4,Lincoln,Almira,164,149,149,149,149,154,154,164,164,164,154,154,155,154,155,157,157,157,157,158,155,155,155,155,156,156,155,155,155,155,153
203,4,Lincoln,Creston,126,126,127,126,127,125,126,129,130,130,131,131,129,131,125,125,127,127,127,130,130,129,129,129,127,127,126,126,127,127,126
204,4,Lincoln,Davenport,710,709,707,719,737,729,748,754,758,762,763,760,760,758,758,756,758,755,754,756,750,750,748,748,749,749,753,758,760,762,765
205,4,Lincoln,Harrington,229,229,214,229,216,210,229,213,215,215,215,214,213,213,214,216,216,217,221,224,219,218,218,218,217,218,218,217,218,218,217
206,4,Lincoln,Odessa,483,479,472,481,483,487,478,480,477,472,472,471,470,468,467,466,463,464,467,466,460,460,459,459,459,460,459,460,460,462,461
207,4,Lincoln,Reardan,218,217,219,216,216,217,216,215,231,233,242,242,243,245,247,249,252,255,256,255,255,257,257,257,257,257,261,260,261,261,262
208,4,Lincoln,Sprague,213,213,216,213,215,221,229,231,232,239,242,248,245,244,239,238,237,239,237,237,236,236,236,236,235,236,236,236,236,236,236
209,4,Lincoln,Wilbur,461,460,463,466,466,468,469,468,471,482,480,481,479,477,473,472,471,470,469,468,468,469,469,467,467,469,470,473,473,473,473
210,1,Mason,Mason County,22292,22662,22975,23351,23751,24134,24465,24765,25049,25282,25515,26021,26577,27216,27946,28755,29770,30807,31669,32167,32518,32697,32810,32905,33072,33210,33386,33744,33990,34267,34641
211,2,Mason,Unincorporated Mason County,19246,19593,19859,20183,20553,20899,21189,21451,21709,21907,22112,22583,23106,23702,24372,25140,26084,27033,27856,28353,28671,28846,28956,29057,29228,29370,29534,29875,30122,30374,30671
212,3,Mason,Incorporated Mason County,3046,3069,3116,3168,3198,3235,3276,3314,3340,3375,3403,3438,3471,3514,3574,3615,3686,3774,3813,3814,3847,3851,3854,3848,3844,3840,3852,3869,3868,3893,3970
213,4,Mason,Shelton,3046,3069,3116,3168,3198,3235,3276,3314,3340,3375,3403,3438,3471,3514,3574,3615,3686,3774,3813,3814,3847,3851,3854,3848,3844,3840,3852,3869,3868,3893,3970
214,1,Okanogan,Okanogan County,16629,16811,17028,17274,17564,17996,18329,18628,18756,18905,19085,19389,19647,19939,20238,20566,20999,21182,21513,21930,22245,22405,22551,22656,22800,22936,23075,23221,23361,23500,23673
215,2,Okanogan,Unincorporated Okanogan County,10340,10490,10659,10887,11125,11368,11603,11784,11874,11972,12008,12284,12575,12877,13182,13497,13880,13997,14279,14639,14916,15034,15174,15252,15329,15460,15569,15689,15811,15921,16055
216,3,Okanogan,Incorporated Okanogan County,6289,6321,6369,6387,6439,6628,6726,6844,6882,6933,7077,7105,7072,7062,7056,7069,7119,7185,7234,7291,7329,7371,7377,7404,7471,7476,7506,7532,7550,7579,7618
217,4,Okanogan,Brewster,621,625,626,627,623,665,678,683,693,695,739,736,746,735,733,731,731,726,724,721,730,730,727,731,735,739,739,739,741,741,745
218,4,Okanogan,Conconully,137,137,140,127,137,137,137,192,157,152,192,199,132,135,138,145,149,154,174,180,189,195,194,196,199,199,202,202,203,204,204
219,4,Okanogan,Coulee Dam (part),443,443,443,442,442,441,441,440,438,439,439,439,441,440,440,440,440,440,440,440,440,440,441,442,444,443,444,444,443,444,444
220,4,Okanogan,Elmer City,134,134,133,133,132,132,131,131,130,129,127,126,124,121,119,116,124,121,117,115,112,112,111,110,112,131,132,131,131,131,131
221,4,Okanogan,Nespelem,80,96,83,83,84,83,84,84,84,84,84,82,82,81,81,79,80,79,79,78,77,77,77,77,77,81,81,81,81,81,81
222,4,Okanogan,Okanogan,978,979,983,979,988,990,996,997,994,991,997,1006,1008,1011,1004,1004,1015,1022,1032,1048,1051,1048,1050,1070,1082,1073,1075,1082,1085,1100,1107
223,4,Okanogan,Omak,1769,1768,1777,1784,1815,1879,1914,1934,1940,2006,2016,2020,2053,2055,2066,2079,2093,2122,2135,2155,2168,2190,2187,2184,2187,2224,2224,2227,2230,2231,2232
224,4,Okanogan,Oroville,697,697,698,706,707,753,766,786,790,785,794,806,800,799,786,776,771,787,782,792,797,799,808,807,806,804,804,802,800,798,797
225,4,Okanogan,Pateros,257,258,258,261,263,263,265,265,267,276,279,278,277,268,267,268,272,271,272,274,276,276,276,276,276,220,237,241,242,242,245
226,4,Okanogan,Riverside,104,105,109,111,112,122,130,142,175,145,153,147,147,145,145,146,147,147,152,153,154,155,157,159,159,158,158,158,158,159,160
227,4,Okanogan,Tonasket,442,452,482,487,485,485,479,477,479,485,510,512,510,511,511,512,511,511,512,511,511,511,510,508,545,550,549,549,549,549,551
228,4,Okanogan,Twisp,421,426,432,436,438,462,484,487,506,505,505,510,508,515,518,523,531,530,528,525,524,528,531,534,535,538,541,550,553,557,564
229,4,Okanogan,Winthrop,206,201,205,211,213,216,221,226,229,241,242,244,244,246,248,250,255,275,287,299,300,310,308,310,314,316,320,326,334,342,357
230,1,Pacific,Pacific County,12404,12514,12662,12831,13016,13228,13414,13553,13730,13862,13991,14117,14212,14293,14447,14637,14931,14997,15181,15389,15547,15604,15660,15707,15776,15818,15883,15973,16053,16131,16264
231,2,Pacific,Unincorporated Pacific County,9030,9127,9231,9337,9457,9607,9616,9734,9864,10054,10159,10193,10269,10354,10495,10642,10903,10949,11096,11257,11357,11410,11465,11501,11563,11604,11665,11748,11812,11876,11961
232,3,Pacific,Incorporated Pacific County,3374,3387,3431,3494,3559,3621,3798,3819,3866,3808,3832,3924,3943,3939,3952,3995,4028,4048,4085,4132,4190,4194,4195,4206,4213,4214,4218,4225,4241,4255,4303
233,4,Pacific,Ilwaco,420,430,514,518,510,516,514,518,514,524,524,523,521,520,517,523,521,534,548,551,567,568,568,569,572,573,573,575,583,583,584
234,4,Pacific,Long Beach,970,976,993,1018,1059,1072,1109,1096,1109,1138,1155,1254,1271,1283,1303,1364,1409,1451,1503,1540,1564,1568,1574,1582,1584,1586,1590,1601,1608,1622,1650
235,4,Pacific,Raymond,1258,1251,1192,1206,1223,1244,1369,1394,1428,1331,1338,1327,1333,1326,1315,1305,1297,1262,1253,1264,1279,1280,1282,1285,1286,1288,1289,1283,1282,1282,1288
236,4,Pacific,South Bend,726,730,732,752,767,789,806,811,815,815,815,820,818,810,817,803,801,801,781,777,780,778,771,770,771,767,766,766,768,768,781
237,1,Pend Oreille,Pend Oreille County,5404,5505,5580,5700,5828,5989,6127,6243,6365,6482,6608,6743,6859,6989,7103,7252,7384,7561,7722,7850,7936,7994,8050,8083,8119,8171,8218,8254,8308,8368,8437
238,2,Pend Oreille,Unincorporated Pend Oreille County,4127,4204,4298,4412,4526,4650,4782,4878,4971,5064,5160,5244,5352,5458,5568,5699,5825,5967,6122,6249,6335,6388,6442,6476,6509,6553,6603,6646,6705,6759,6815
239,3,Pend Oreille,Incorporated Pend Oreille County,1277,1301,1282,1288,1302,1339,1345,1365,1394,1418,1448,1499,1507,1531,1535,1553,1559,1594,1600,1601,1601,1606,1608,1607,1610,1618,1615,1608,1603,1609,1622
240,4,Pend Oreille,Cusick,92,92,96,96,96,92,88,99,88,103,106,106,107,108,108,110,107,113,107,103,101,102,102,101,101,101,101,100,100,100,105
241,4,Pend Oreille,Ione,219,219,195,200,207,214,218,220,214,216,239,236,233,236,235,237,238,237,237,238,237,236,237,237,237,237,237,237,237,238,238
242,4,Pend Oreille,Metaline,92,93,92,91,92,92,92,92,92,92,91,92,94,95,96,100,102,103,107,105,103,104,104,104,104,104,106,101,101,101,101
243,4,Pend Oreille,Metaline Falls,127,127,127,126,126,149,149,149,190,191,192,192,191,191,191,190,190,210,210,209,206,206,206,206,206,206,206,206,206,206,207
244,4,Pend Oreille,Newport,747,770,772,775,781,792,798,805,810,816,820,873,882,901,905,916,922,931,939,946,954,958,959,959,962,970,965,964,959,964,971
245,1,Pierce,Pierce County,228842,233811,239065,244536,250022,255258,257014,261595,266474,272030,277060,281528,287281,292203,297920,303535,310572,317044,321134,323635,325375,327375,329157,331860,335161,338304,341404,345681,349424,353085,357584
246,2,Pierce,Unincorporated Pierce County,125423,129005,132500,136359,140288,144186,103729,106417,108609,112043,115227,117792,120469,123335,126845,130148,133734,136739,139010,139707,140160,141270,142347,143421,145159,146664,148105,150249,152455,154691,156505
247,3,Pierce,Incorporated Pierce County,103419,104806,106565,108177,109734,111072,153285,155178,157865,159987,161833,163736,166812,168868,171075,173387,176838,180305,182124,183928,185215,186105,186810,188439,190002,191640,193299,195432,196969,198394,201079
248,4,Pierce,Auburn (part),,,,,,,,,,,70,247,496,603,1071,1704,2187,2904,3123,3131,3146,3201,3319,3730,3859,3950,3951,3952,3952,3954,3954
249,4,Pierce,Bonney Lake,2570,2684,2759,2871,2961,3037,3117,3178,3254,3328,3404,3550,4442,4665,4965,5222,5602,5846,6102,6282,6394,6444,6518,6595,6759,7132,7234,7311,7436,7476,7581
250,4,Pierce,Buckley,1136,1179,1220,1285,1325,1352,1368,1377,1385,1404,1472,1588,1618,1637,1637,1638,1642,1645,1645,1674,1669,1673,1682,1689,1699,1713,1745,1785,1828,1888,1974
251,4,Pierce,Carbonado,164,165,168,169,182,209,209,209,209,209,210,214,211,213,215,216,218,219,219,218,218,218,218,218,219,219,226,237,238,237,244
252,4,Pierce,DuPont,231,231,229,229,228,232,273,397,635,817,977,1157,1345,1521,1720,2136,2606,2874,3039,3154,3241,3352,3418,3536,3735,3735,3744,3750,3750,3762,3798
253,4,Pierce,Eatonville,573,599,606,630,636,647,673,715,762,779,805,822,850,885,919,994,1020,1019,1024,1049,1059,1067,1074,1076,1088,1102,1114,1121,1124,1128,1130
254,4,Pierce,Edgewood,,,,,,,3447,3472,3508,3509,3562,3616,3665,3692,3723,3735,3751,3774,3793,3799,3801,3805,3812,3824,3853,3878,3892,4184,4458,4576,4858
255,4,Pierce,Enumclaw (part),,0,0,0,0,0,0,0,0,0,,,,,,,,,,,,0,0,0,0,0,0,0,0,0,0
256,4,Pierce,Fife,2152,2152,2158,2159,2159,2159,2161,2165,2218,2238,2232,2254,2246,2279,2266,2259,2856,3538,3727,3764,3895,3921,3916,3926,3957,4001,4127,4128,4124,4126,4147
257,4,Pierce,Fircrest,2224,2231,2243,2246,2253,2275,2305,2537,2551,2560,2573,2584,2611,2622,2671,2711,2788,2804,2829,2837,2847,2853,2858,2862,2865,2869,2871,2878,2881,2898,2907
258,4,Pierce,Gig Harbor,1527,1565,1694,1719,1762,1855,1918,1931,3035,3019,3085,3087,3098,3119,3131,3177,3173,3174,3250,3430,3560,3614,3669,3853,4028,4303,4488,4665,5025,5182,5302
259,4,Pierce,Lakewood,,0,0,,,,24821,24833,24945,25300,25449,25498,25803,26070,26128,26215,26320,26330,26328,26349,26548,26617,26607,26620,26627,26676,26757,26784,26776,26835,27053
260,4,Pierce,Milton (part),1820,1823,1873,1926,1941,1945,1959,2007,2039,2131,2173,2202,2304,2339,2370,2412,2630,2665,2689,2705,2724,2727,2727,2819,2821,2822,2903,2912,2913,2925,2942
261,4,Pierce,Orting,746,796,792,784,793,877,1037,1168,1232,1318,1382,1409,1450,1557,1617,1754,2029,2219,2287,2319,2361,2373,2387,2429,2486,2550,2586,2682,2780,2842,2925
262,4,Pierce,Pacific (part),,0,0,,,,107,107,107,107,65,64,66,64,65,64,63,58,55,47,45,42,41,41,39,35,27,27,22,17,15
263,4,Pierce,Puyallup,9379,9783,10297,10625,11010,11301,12094,12530,12707,13284,13468,13966,14311,14801,14884,14897,15168,15473,15496,16136,16171,16310,16490,16649,16929,17014,17142,17295,17371,17531,17961
264,4,Pierce,Roy,105,139,114,113,136,115,141,113,114,114,114,147,302,311,312,315,324,325,327,329,326,327,329,329,329,329,331,331,331,331,331
265,4,Pierce,Ruston,317,317,321,322,322,330,340,341,344,344,355,362,368,376,383,390,394,404,412,424,430,430,432,435,439,447,452,456,458,459,477
266,4,Pierce,South Prairie,92,83,146,147,210,224,140,141,138,138,138,158,163,164,165,168,169,170,171,173,174,174,174,174,174,173,174,174,174,198,198
267,4,Pierce,Steilacoom,2371,2423,2472,2512,2564,2596,2604,2635,2654,2662,2674,2691,2695,2706,2728,2740,2751,2762,2778,2790,2793,2801,2805,2816,2826,2834,2849,2872,2880,2898,2917
268,4,Pierce,Sumner,2728,3011,3158,3215,3250,3285,3359,3449,3493,3627,3689,3752,3847,3891,3960,4048,4138,4174,4214,4251,4279,4280,4284,4294,4305,4307,4315,4386,4433,4450,4560
269,4,Pierce,Tacoma,75147,75487,76177,77086,77853,78487,79076,79590,80082,80554,81102,81398,81828,82143,82879,83183,83523,84342,84956,85357,85786,86096,86255,86699,87107,87573,88268,89293,89705,90301,91359
270,4,Pierce,University Place,,,,,,,11990,12133,12303,12395,12684,12812,12933,13052,13108,13246,13321,13419,13490,13543,13573,13605,13618,13648,13681,13800,13924,14030,14131,14201,14264
271,4,Pierce,Wilkeson,137,138,138,139,149,146,146,150,150,150,150,158,160,158,158,163,165,167,170,167,175,175,177,177,177,178,179,179,179,179,182
272,1,San Juan,San Juan County,6075,6619,7080,7599,7931,8256,8422,8612,8790,9229,9752,10189,10588,10891,11242,11630,12020,12350,12710,13044,13313,13408,13482,13576,13683,13753,13856,13943,14060,14205,14339
273,2,San Juan,Unincorporated San Juan County,5256,5776,6193,6672,6971,7276,7433,7596,7757,8194,8700,9106,9482,9802,10119,10465,10811,11136,11478,11789,12040,12120,12196,12267,12371,12427,12515,12599,12690,12816,12919
274,3,San Juan,Incorporated San Juan County,819,843,887,927,960,980,989,1016,1033,1035,1052,1083,1106,1089,1123,1165,1209,1214,1232,1255,1273,1288,1286,1309,1312,1326,1341,1344,1370,1389,1420
275,4,San Juan,Friday Harbor,819,843,887,927,960,980,989,1016,1033,1035,1052,1083,1106,1089,1123,1165,1209,1214,1232,1255,1273,1288,1286,1309,1312,1326,1341,1344,1370,1389,1420
276,1,Skagit,Skagit County,33575,34896,35766,36764,37776,38757,39584,40414,41084,41697,42681,43455,44298,45206,46183,46907,48077,49220,50219,51027,51473,51731,51901,52218,52501,52710,53059,53510,53974,54473,54949
277,2,Skagit,Unincorporated Skagit County,16192,16580,16894,17290,17669,18062,18504,18836,19112,19293,19502,19876,20269,20645,20993,21295,21736,22105,22455,22606,22798,22884,22906,22958,23054,23106,23184,23287,23396,23532,23699
278,3,Skagit,Incorporated Skagit County,17383,18316,18872,19474,20107,20695,21080,21578,21972,22404,23179,23579,24029,24561,25190,25612,26341,27115,27764,28421,28675,28847,28995,29260,29447,29604,29875,30223,30578,30941,31250
279,4,Skagit,Anacortes,4992,5139,5274,5352,5478,5576,5706,5875,6052,6242,6551,6692,6778,6893,6985,7079,7323,7460,7581,7653,7680,7728,7767,7829,7861,7875,7989,8072,8125,8258,8341
280,4,Skagit,Burlington,1816,1993,2009,2007,2223,2330,2346,2359,2391,2441,2531,2595,2674,2687,2839,2848,3021,3145,3178,3343,3419,3437,3438,3440,3440,3453,3493,3502,3613,3643,3698
281,4,Skagit,Concrete,313,313,312,312,317,317,334,334,338,334,335,336,332,337,344,349,362,367,367,364,376,375,375,378,384,364,366,367,367,370,375
282,4,Skagit,Hamilton,107,107,107,108,112,116,117,134,134,135,135,152,150,156,153,157,148,155,146,142,141,141,141,141,142,142,142,140,139,139,139
283,4,Skagit,La Conner,332,344,342,365,361,369,383,385,383,436,434,444,452,463,477,489,473,520,524,517,526,523,525,525,528,530,533,544,550,551,555
284,4,Skagit,Lyman,126,139,139,139,142,157,175,173,173,173,173,172,174,176,178,180,179,177,173,173,172,173,173,173,175,175,176,178,179,176,176
285,4,Skagit,Mount Vernon,7167,7674,8031,8430,8657,8911,9023,9279,9387,9444,9686,9798,9986,10206,10436,10527,10817,11148,11564,11942,12058,12137,12243,12436,12580,12711,12762,12981,13078,13229,13326
286,4,Skagit,Sedro-Woolley,2530,2607,2658,2761,2817,2919,2996,3039,3114,3199,3334,3390,3483,3643,3778,3983,4018,4143,4231,4287,4303,4333,4333,4338,4337,4354,4414,4439,4527,4575,4640
287,1,Skamania,Skamania County,3922,4028,4063,4106,4178,4239,4314,4383,4447,4525,4576,4655,4744,4839,4980,5122,5315,5417,5516,5581,5628,5663,5719,5746,5788,5824,5880,5939,6000,6076,6149
288,2,Skamania,Unincorporated Skamania County,3298,3397,3428,3468,3525,3579,3641,3695,3746,3786,3816,3884,3951,4019,4108,4205,4300,4343,4376,4435,4466,4485,4520,4544,4584,4612,4661,4714,4775,4832,4886
289,3,Skamania,Incorporated Skamania County,624,631,635,638,653,660,673,688,701,739,760,771,793,820,872,917,1015,1074,1140,1146,1162,1178,1199,1202,1204,1212,1219,1225,1225,1244,1263
290,4,Skamania,North Bonneville,167,172,177,179,189,197,196,206,211,223,237,242,254,264,304,329,395,426,455,455,459,461,480,482,482,482,482,483,484,489,492
291,4,Skamania,Stevenson,457,459,458,459,464,463,477,482,490,516,523,529,539,556,568,588,620,648,685,691,703,717,719,720,722,730,737,742,741,755,771
292,1,Snohomish,Snohomish County,183938,192568,195571,199560,204238,208557,212586,216930,223036,229946,236205,241688,246870,251975,256941,262876,269451,275456,280164,283520,286659,288520,290714,293600,297426,300707,304394,307950,312718,316948,321427
293,2,Snohomish,Unincorporated Snohomish County,97576,99597,100183,97444,99425,101448,100531,102336,103079,107177,108986,110095,113362,116317,119357,122548,122927,123801,126391,128130,118025,119174,120563,122476,125281,127345,129335,131451,133581,135620,137094
294,3,Snohomish,Incorporated Snohomish County,86362,92971,95388,102116,104813,107109,112055,114594,119957,122769,127219,131593,133508,135658,137584,140328,146524,151655,153773,155390,168634,169346,170151,171124,172145,173362,175059,176499,179137,181328,184333
295,4,Snohomish,Arlington,1600,1740,1820,1912,2025,2225,2344,2528,2780,3104,4588,4998,5233,5539,5726,5853,6066,6619,6791,6844,6929,6931,6956,7068,7093,7093,7096,7115,7325,7524,7886
296,4,Snohomish,Bothell (part),112,113,113,4141,4329,4358,4382,4413,4661,4944,5321,5629,5833,5853,5919,5999,6131,6312,6459,6598,6702,6780,6817,6901,6907,6925,6936,6972,7065,7198,7348
297,4,Snohomish,Brier,1822,1842,1861,1910,1961,1976,2005,2033,2083,2100,2115,2140,2151,2161,2175,2188,2198,2204,2207,2216,2220,2226,2249,2306,2316,2342,2361,2364,2362,2386,2420
298,4,Snohomish,Darrington,450,454,459,462,465,471,477,485,496,496,505,568,588,598,607,617,633,637,641,645,644,644,644,645,645,645,645,645,645,650,653
299,4,Snohomish,Edmonds,12942,12976,12922,13046,13079,13228,15582,15608,17407,17476,17519,17518,17489,17600,17702,17850,18128,18192,18289,18377,18378,18396,18414,18505,18520,18548,18584,18663,18729,18925,19082
300,4,Snohomish,Everett,30799,33309,33971,34509,35039,35307,36204,36704,37192,37796,38512,40392,40904,41191,41532,41938,43293,43567,43880,44367,44609,44656,44873,45089,45284,45394,46141,46311,46497,46884,47198
301,4,Snohomish,Gold Bar,431,459,456,491,491,522,535,577,614,661,769,778,788,797,801,808,819,839,853,825,837,831,832,839,841,854,856,854,872,863,876
302,4,Snohomish,Granite Falls,445,477,519,568,584,593,662,730,797,808,873,950,1042,1112,1163,1189,1204,1255,1300,1334,1344,1348,1351,1352,1356,1358,1358,1365,1413,1516,1721
303,4,Snohomish,Index,102,102,102,102,102,102,100,102,100,100,100,102,103,103,104,105,107,109,108,109,116,117,117,117,117,117,117,117,117,117,117
304,4,Snohomish,Lake Stevens,1231,1324,1475,1575,1671,1710,1775,1819,1957,2060,2234,2340,2381,2435,2503,2527,3579,5080,5575,5714,10414,10470,10583,10712,10784,10908,11205,11492,11641,11823,12307
305,4,Snohomish,Lynnwood,11850,12000,12042,12248,12677,12804,12980,13609,13675,13743,13808,13883,13896,14164,14307,14401,14542,14640,14693,14727,14939,14947,14961,14967,14997,15012,15032,15042,16031,16352,16683
306,4,Snohomish,Marysville,4565,4877,5767,6467,6964,7527,8065,8330,8778,9197,9730,10407,10743,11032,11255,11490,12746,14411,14779,14929,22363,22649,22868,23064,23264,23610,23829,24300,24762,25057,25553
307,4,Snohomish,Mill Creek,3136,3374,3610,3739,3786,3947,4027,4158,4550,4682,4769,4925,4972,5052,5337,6289,7404,7481,7538,7781,7923,7991,8005,8051,8132,8474,8554,8579,8781,8840,8837
308,4,Snohomish,Monroe,1712,2008,2084,2173,2369,2597,2757,2991,3711,4014,4427,4545,4645,4743,4884,5046,5137,5206,5270,5292,5306,5326,5359,5357,5392,5404,5491,5593,5717,5840,6067
309,4,Snohomish,Mountlake Terrace,7854,8014,8041,8056,8067,8108,8111,8144,8178,8204,8217,8229,8267,8264,8302,8310,8339,8523,8582,8602,8602,8643,8684,8689,8883,8992,8990,9103,9121,9144,9165
310,4,Snohomish,Mukilteo,2810,5272,5389,5748,5904,6086,6293,6439,6843,7012,7146,7329,7457,7806,7900,7993,8134,8325,8391,8472,8547,8574,8590,8603,8641,8664,8679,8695,8699,8696,8705
311,4,Snohomish,Snohomish,2556,2602,2646,2772,2929,3042,3188,3224,3361,3388,3444,3487,3502,3557,3566,3669,3762,3784,3787,3843,3959,4013,4017,4019,4054,4085,4176,4211,4249,4271,4288
312,4,Snohomish,Stanwood,765,819,859,899,1014,1149,1186,1246,1270,1452,1508,1557,1620,1696,1804,2002,2142,2281,2434,2509,2584,2586,2608,2620,2695,2704,2716,2764,2785,2863,2910
313,4,Snohomish,Sultan,859,885,928,970,1026,1022,1045,1113,1163,1191,1291,1469,1526,1563,1589,1620,1712,1738,1741,1744,1752,1752,1756,1756,1758,1764,1823,1843,1856,1905,2040
314,4,Snohomish,Woodway,321,324,324,328,331,335,337,341,341,341,343,347,368,392,408,434,448,452,455,462,466,466,467,464,466,469,470,471,470,474,477
315,1,Spokane,Spokane County,150080,152069,154366,156933,159998,163187,165912,168755,170887,173085,175005,176823,179223,181405,183744,186809,190790,194236,197064,199632,201434,202492,203900,205475,207367,209317,211367,214328,217805,220737,223297
316,2,Spokane,Unincorporated Spokane County,63263,64310,65776,67535,69645,71082,72866,74680,75785,77359,78875,80489,80605,46671,47294,48556,49359,50616,52174,53418,54157,54619,54256,54721,55538,56194,57170,58131,59196,60217,61301
317,3,Spokane,Incorporated Spokane County,86817,87759,88590,89398,90353,92105,93046,94075,95102,95726,96130,96334,98618,134734,136450,138253,141431,143620,144890,146214,147277,147873,149644,150754,151829,153123,154197,156197,158609,160520,161996
318,4,Spokane,Airway Heights,896,905,947,946,956,975,1049,1053,1101,1095,1095,1117,1137,1154,1168,1228,1332,1463,1576,1668,1727,1782,2687,2745,2724,2945,2961,2992,3389,3657,3857
319,4,Spokane,Cheney,2733,2769,2865,2857,2984,3046,3149,3145,3226,3229,3293,3340,3381,3426,3670,3839,3898,3921,3943,4120,4183,4320,4339,4442,4493,4517,4538,4791,5026,5136,5252
320,4,Spokane,Deer Park,949,955,987,1009,1046,1115,1142,1166,1186,1201,1210,1225,1239,1242,1249,1286,1325,1409,1458,1508,1532,1545,1557,1586,1618,1647,1672,1696,1741,1803,1843
321,4,Spokane,Fairfield,204,204,229,198,197,195,195,194,194,194,194,241,243,243,242,243,243,247,246,250,240,241,241,241,241,241,240,239,238,236,241
322,4,Spokane,Latah,82,83,82,83,84,87,87,87,89,89,89,90,88,88,88,88,87,89,89,89,91,91,91,91,91,91,91,91,90,90,90
323,4,Spokane,Liberty Lake,,,,,,,,,,,,,1741,1862,1990,2085,2400,2787,2937,3127,3344,3408,3475,3573,3837,3938,4067,4239,4511,4803,5013
324,4,Spokane,Medical Lake,1055,1101,1089,1098,1116,1134,1141,1167,1175,1180,1197,1238,1281,1337,1390,1467,1568,1653,1706,1743,1835,1841,1851,1860,1868,1870,1869,1871,1874,1877,1892
325,4,Spokane,Millwood,719,779,778,782,785,784,788,785,786,779,779,779,782,782,782,783,784,793,794,792,793,793,793,792,792,792,793,789,789,790,808
326,4,Spokane,Rockford,179,179,178,179,175,171,170,170,170,169,169,200,205,204,207,206,205,209,211,212,213,213,213,213,213,213,213,213,214,216,222
327,4,Spokane,Spangle,103,104,104,107,107,108,108,108,108,109,113,124,125,126,125,126,125,126,127,126,126,126,126,126,127,127,124,125,125,127,128
328,4,Spokane,Spokane,79851,80632,81283,82092,82855,84440,85167,86149,87018,87631,87941,87930,88345,88890,89483,90481,92275,92968,93611,94080,94291,94377,94887,95337,95743,96070,96565,97691,98614,99294,99848
329,4,Spokane,Spokane Valley,,,,,,,,,,,,,,35329,36003,36368,37136,37903,38140,38447,38851,39083,39331,39693,40028,40617,41009,41406,41943,42435,42775
330,4,Spokane,Waverly,46,48,48,47,48,50,50,51,49,50,50,50,51,51,53,53,53,52,52,52,51,53,53,55,54,55,55,54,55,56,27
331,1,Stevens,Stevens County,14601,14801,15024,15333,15679,16147,16476,16766,17029,17299,17599,17909,18203,18556,18926,19290,19756,20143,20604,20924,21156,21242,21302,21348,21486,21564,21604,21695,21855,22070,22208
332,2,Stevens,Unincorporated Stevens County,10929,11101,11297,11510,11750,12126,12374,12677,12903,13128,13334,13619,13922,14239,14578,14916,15333,15691,16072,16364,16557,16635,16689,16737,16856,16909,16951,17039,17187,17347,17519
333,3,Stevens,Incorporated Stevens County,3672,3700,3727,3823,3929,4021,4102,4089,4126,4171,4265,4290,4281,4317,4348,4374,4423,4452,4532,4560,4599,4607,4613,4611,4630,4655,4653,4656,4668,4723,4689
334,4,Stevens,Chewelah,911,914,920,989,1020,1032,1059,983,989,998,1004,1024,1050,1083,1115,1134,1161,1194,1243,1261,1284,1285,1287,1288,1287,1296,1300,1303,1305,1351,1314
335,4,Stevens,Colville,1905,1914,1931,1938,1950,2019,2064,2082,2112,2149,2219,2218,2196,2197,2196,2197,2209,2205,2210,2211,2221,2229,2232,2230,2245,2254,2249,2247,2251,2257,2257
336,4,Stevens,Kettle Falls,529,545,550,568,619,631,643,673,677,681,686,700,688,688,689,695,706,707,721,725,726,727,728,725,727,734,733,737,742,746,748
337,4,Stevens,Marcus,59,61,64,66,66,66,67,68,66,66,68,71,71,73,72,72,72,74,76,78,82,82,82,82,83,83,83,83,84,84,84
338,4,Stevens,Northport,162,162,160,160,168,164,162,173,171,169,179,168,167,166,166,166,166,161,169,168,168,168,168,168,168,168,168,168,168,168,168
339,4,Stevens,Springdale,106,104,102,102,106,109,107,110,111,108,109,109,109,110,110,110,109,111,113,117,118,116,116,118,120,120,120,118,118,117,118
340,1,Thurston,Thurston County,66464,69217,71279,73293,75323,77379,79139,80922,82695,84786,86652,87864,89725,91596,93727,96514,99138,102212,105325,106936,108182,109218,110365,111808,113266,114386,115753,117071,118694,119937,121615
341,2,Thurston,Unincorporated Thurston County,36434,37607,38643,39705,40464,41153,41804,42566,43329,44160,45076,45936,47196,48610,50162,51984,53288,54294,55017,54769,55316,55712,56058,56335,56746,56850,55790,56314,56855,57381,57879
342,3,Thurston,Incorporated Thurston County,30030,31610,32636,33588,34859,36226,37335,38356,39366,40626,41576,41928,42529,42986,43565,44530,45850,47918,50308,52167,52866,53506,54307,55473,56520,57536,59963,60757,61839,62556,63736
343,4,Thurston,Bucoda,211,208,210,215,221,218,222,229,231,234,236,237,240,241,239,239,239,239,241,246,243,243,243,243,243,244,246,246,245,245,245
344,4,Thurston,Lacey,8081,8770,9062,9618,10370,10891,11377,11925,12281,12871,13160,13336,13555,13689,13904,14422,15094,16285,17732,18142,18493,18742,18994,19280,19488,19767,20165,20598,21245,21711,22293
345,4,Thurston,Olympia,15884,16497,16812,17084,17302,17626,18060,18388,18838,19272,19738,19804,20009,20161,20362,20552,20853,21323,21731,21900,22086,22277,22689,23237,23742,24283,24802,25037,25080,25143,25537
346,4,Thurston,Rainier,357,396,426,466,494,496,512,531,544,548,551,550,553,572,581,594,646,670,688,697,717,726,733,741,744,750,752,765,804,833,860
347,4,Thurston,Tenino,524,527,529,534,542,577,586,601,608,612,615,628,641,665,658,679,701,711,719,735,740,743,744,745,746,753,769,770,771,777,778
348,4,Thurston,Tumwater,4463,4690,5033,5096,5157,5528,5604,5659,5740,5848,5953,5993,6043,6049,6112,6186,6346,6557,6899,8026,8064,8184,8291,8464,8597,8713,10074,10127,10394,10537,10657
349,4,Thurston,Yelm,510,522,564,575,773,890,974,1023,1124,1241,1323,1380,1488,1609,1709,1858,1971,2133,2298,2421,2523,2591,2613,2763,2960,3026,3155,3214,3300,3310,3366
350,1,Wahkiakum,Wahkiakum County,1496,1511,1522,1557,1592,1628,1667,1693,1717,1755,1792,1813,1826,1850,1876,1901,1940,1992,2039,2059,2067,2080,2092,2099,2115,2127,2146,2165,2191,2207,2225
351,2,Wahkiakum,Unincorporated Wahkiakum County,1268,1283,1294,1327,1361,1394,1431,1457,1482,1489,1514,1535,1550,1573,1599,1623,1659,1708,1745,1764,1771,1784,1796,1803,1818,1830,1849,1867,1893,1908,1924
352,3,Wahkiakum,Incorporated Wahkiakum County,228,228,228,230,231,234,236,236,235,266,278,278,276,277,277,278,281,284,294,295,296,296,296,296,297,297,297,298,298,299,301
353,4,Wahkiakum,Cathlamet,228,228,228,230,231,234,236,236,235,266,278,278,276,277,277,278,281,284,294,295,296,296,296,296,297,297,297,298,298,299,301
354,1,Walla Walla,Walla Walla County,19029,19117,19276,19482,19726,19950,20173,20466,20786,20935,21147,21247,21403,21622,21947,22476,22723,22940,23164,23338,23451,23537,23854,24000,24229,24386,24557,24705,24848,25040,25205
355,2,Walla Walla,Unincorporated Walla Walla County,5374,5427,5384,5507,5580,5669,5765,5811,5861,5893,5939,5990,6044,6131,5972,6111,6245,6382,6361,6454,6495,6543,6589,6674,6812,6600,6592,6495,6534,6573,6613
356,3,Walla Walla,Incorporated Walla Walla County,13655,13690,13892,13975,14146,14281,14408,14655,14925,15042,15208,15257,15359,15491,15975,16365,16478,16558,16803,16884,16956,16994,17265,17326,17417,17786,17965,18210,18314,18467,18592
357,4,Walla Walla,College Place,2432,2465,2495,2546,2652,2713,2788,2867,2958,3049,3134,3194,3233,3308,3460,3529,3598,3635,3675,3710,3764,3778,3802,3823,3852,3895,3979,4018,4072,4116,4173
358,4,Walla Walla,Prescott,123,123,123,123,131,131,143,151,151,151,152,151,151,151,150,150,150,149,152,151,156,158,158,158,158,158,159,161,161,162,163
359,4,Walla Walla,Waitsburg,448,452,454,450,454,471,483,506,507,512,522,515,516,512,517,518,518,519,520,521,522,521,521,522,523,529,527,526,526,525,529
360,4,Walla Walla,Walla Walla,10652,10650,10820,10856,10909,10966,10994,11131,11309,11330,11400,11397,11459,11520,11848,12168,12212,12255,12456,12502,12514,12537,12784,12823,12884,13204,13300,13505,13555,13664,13727
361,1,Whatcom,Whatcom County,55742,57993,60353,61970,64183,65990,67933,69318,71000,72461,73897,75740,77314,79062,81129,83097,85549,87997,89201,90076,90665,91237,91683,92364,93155,94056,95098,96271,97674,98983,100302
362,2,Whatcom,Unincorporated Whatcom County,27189,28428,29815,30241,31257,31936,32365,32770,33084,33682,34390,34950,35579,36240,37171,38117,39195,40012,40505,40738,40456,40694,40836,40978,41205,41528,41700,41976,42316,42619,42776
363,3,Whatcom,Incorporated Whatcom County,28553,29565,30538,31729,32926,34054,35568,36548,37916,38779,39507,40790,41735,42822,43958,44980,46354,47985,48696,49338,50209,50543,50847,51386,51950,52528,53398,54295,55358,56364,57526
364,4,Whatcom,Bellingham,22114,22637,23252,24117,24988,25693,26901,27474,28271,28823,29474,30508,31216,31985,32853,33412,34180,35385,35815,36046,36760,36915,36964,37239,37437,37825,38420,39078,39752,40324,41061
365,4,Whatcom,Blaine,1144,1283,1330,1404,1429,1525,1563,1710,1727,1727,1737,1793,1878,1933,1981,2035,2172,2266,2273,2320,2346,2363,2389,2400,2444,2460,2475,2504,2578,2628,2689
366,4,Whatcom,Everson,567,607,637,651,679,700,701,707,717,722,727,733,735,746,752,766,788,800,806,857,865,872,881,888,894,899,905,914,939,959,985
367,4,Whatcom,Ferndale,2057,2286,2434,2541,2605,2711,2772,2903,3179,3309,3292,3364,3404,3484,3570,3740,4011,4121,4259,4389,4428,4491,4603,4734,4925,5002,5109,5196,5266,5487,5606
368,4,Whatcom,Lynden,2167,2224,2351,2470,2603,2784,2974,3095,3353,3521,3592,3699,3797,3963,4085,4252,4370,4530,4637,4764,4812,4882,4979,5084,5195,5275,5403,5491,5688,5803,5956
369,4,Whatcom,Nooksack,182,196,210,218,256,270,278,284,285,288,300,304,306,309,313,334,348,375,382,426,457,464,469,481,489,498,505,514,520,539,554
370,4,Whatcom,Sumas,322,332,324,328,366,371,379,375,384,389,385,389,399,402,404,441,485,508,524,536,541,556,562,560,566,569,581,598,615,624,675
371,1,Whitman,Whitman County,14598,14611,14818,14994,15179,15473,15654,16035,16369,16600,16676,16751,17031,17191,17508,17737,18149,18626,18982,19130,19323,19385,19481,19593,20004,20364,20460,20733,20863,21096,21279
372,2,Whitman,Unincorporated Whitman County,2916,2984,2932,2909,2915,2940,2913,2888,2890,2876,2861,2849,2844,2850,2850,2855,2848,2850,2847,2851,2848,2863,2870,2884,2900,2917,2935,2944,2962,2982,2997
373,3,Whitman,Incorporated Whitman County,11682,11627,11886,12085,12264,12533,12741,13147,13479,13724,13815,13902,14187,14341,14658,14882,15301,15776,16135,16279,16475,16522,16611,16709,17104,17447,17525,17789,17901,18114,18282
374,4,Whitman,Albion,286,291,294,295,297,305,307,314,314,315,315,318,314,312,310,308,307,306,304,303,302,286,283,286,289,287,282,281,283,284,284
375,4,Whitman,Colfax,1283,1255,1300,1316,1325,1328,1339,1345,1347,1354,1357,1366,1369,1376,1388,1392,1392,1401,1405,1405,1405,1404,1404,1404,1399,1407,1410,1408,1413,1419,1426
376,4,Whitman,Colton,129,129,131,136,141,145,146,147,149,151,152,152,152,153,152,155,164,160,165,167,167,171,169,170,170,170,172,176,177,180,179
377,4,Whitman,Endicott,164,167,166,168,168,169,169,171,170,173,169,169,169,169,169,168,167,166,166,166,165,173,173,173,172,173,173,173,173,173,173
378,4,Whitman,Farmington,71,57,57,53,53,53,53,66,60,64,64,63,63,63,63,63,62,62,65,65,65,65,65,65,66,66,68,68,68,68,68
379,4,Whitman,Garfield,263,264,272,265,275,283,289,293,292,291,288,290,290,288,307,307,309,306,306,309,311,311,311,311,311,311,311,312,310,310,303
380,4,Whitman,LaCrosse,179,181,177,184,178,182,186,186,188,188,187,185,182,189,188,184,183,184,182,182,181,182,182,182,183,183,182,180,178,177,176
381,4,Whitman,Lamont,36,32,33,32,33,36,35,37,38,38,38,38,39,40,40,40,39,39,39,39,40,40,40,40,40,40,39,39,39,41,41
382,4,Whitman,Malden,107,106,107,107,107,108,108,108,108,108,108,109,110,111,112,113,115,116,117,117,118,118,118,118,118,116,116,116,116,116,116
383,4,Whitman,Oakesdale,195,195,195,195,194,194,205,194,194,194,194,194,195,195,193,196,196,196,196,196,196,196,197,197,197,198,198,198,198,199,200
384,4,Whitman,Palouse,428,427,433,437,454,461,461,461,459,467,471,472,471,471,472,473,479,480,484,476,474,479,484,485,488,488,494,498,503,511,516
385,4,Whitman,Pullman,7546,7542,7740,7881,8011,8259,8426,8790,9117,9327,9398,9469,9753,9896,10171,10393,10798,11267,11614,11768,11966,12006,12091,12184,12565,12896,12967,13227,13327,13513,13672
386,4,Whitman,Rosalia,260,257,259,263,261,264,266,267,272,278,272,280,279,277,275,274,273,272,272,271,270,272,272,272,272,273,273,273,273,274,274
387,4,Whitman,St. John,248,241,241,247,250,256,259,265,270,277,279,278,283,285,302,301,302,304,303,304,306,306,305,305,308,309,308,308,308,309,312
388,4,Whitman,Tekoa,355,355,355,372,372,347,345,347,347,343,363,362,361,361,360,359,359,361,361,361,360,360,362,355,357,361,361,358,360,360,361
389,4,Whitman,Uniontown,132,128,126,134,145,143,147,156,154,156,160,157,157,155,156,156,156,156,156,150,149,153,155,162,169,169,171,174,175,180,181
390,1,Yakima,Yakima County,70852,71459,72355,73179,74193,75263,76074,76750,77498,78486,79174,79947,80637,81341,81849,82309,83054,83858,84629,85071,85474,85940,86350,86891,87425,87986,88750,89297,89810,90347,91128
391,2,Yakima,Unincorporated Yakima County,32426,31369,31653,32023,32587,32879,32066,32118,32235,32116,32521,32421,30019,30433,30621,30716,30182,29982,29790,29923,29927,30090,30259,30367,30557,30875,31209,31538,31770,31899,32100
392,3,Yakima,Incorporated Yakima County,38426,40090,40702,41156,41606,42384,44008,44632,45263,46370,46653,47526,50618,50908,51228,51593,52872,53876,54839,55148,55547,55850,56091,56524,56868,57111,57541,57759,58040,58448,59028
393,4,Yakima,Grandview,2420,2442,2451,2463,2477,2504,2539,2531,2555,2575,2581,2617,2680,2717,2763,2835,2902,3024,3098,3139,3136,3145,3166,3166,3224,3237,3223,3220,3225,3228,3242
394,4,Yakima,Granger,595,596,597,596,597,599,598,600,606,606,609,622,654,683,705,724,732,754,785,789,813,818,821,831,888,918,990,998,1007,1014,1036
395,4,Yakima,Harrah,128,132,131,138,138,139,139,151,153,164,176,183,183,183,186,185,186,186,184,181,180,180,183,184,184,186,186,190,193,194,196
396,4,Yakima,Mabton,396,390,390,391,431,434,433,441,446,456,463,466,468,507,511,511,515,518,522,521,548,548,552,552,552,552,552,552,552,554,556
397,4,Yakima,Moxee,308,308,308,308,308,307,307,307,307,307,307,313,321,328,350,522,695,778,912,962,1032,1066,1091,1139,1158,1190,1237,1248,1252,1293,1355
398,4,Yakima,Naches,280,280,290,280,280,280,279,279,279,279,279,302,300,306,307,312,310,320,343,346,346,349,350,351,355,364,372,377,377,388,395
399,4,Yakima,Selah,1930,1930,1938,1935,1973,2116,2152,2208,2261,2334,2408,2447,2464,2510,2556,2593,2626,2659,2713,2762,2759,2781,2812,2840,2852,2912,2925,2965,3053,3105,3145
400,4,Yakima,Sunnyside,3576,3604,3671,3674,3788,3807,3805,3914,3955,4012,4070,4107,4191,4210,4257,4305,4390,4465,4496,4548,4556,4590,4620,4640,4646,4676,4755,4781,4841,4891,4947
401,4,Yakima,Tieton,282,282,285,289,295,301,310,350,347,368,363,364,375,379,381,382,387,390,380,383,385,384,385,399,410,412,424,427,429,428,428
402,4,Yakima,Toppenish,2254,2272,2273,2303,2338,2366,2378,2407,2421,2433,2440,2433,2451,2424,2425,2408,2391,2404,2385,2351,2334,2332,2334,2334,2336,2339,2362,2375,2376,2379,2385
403,4,Yakima,Union Gap,1347,1339,1341,1353,1377,1409,2148,2154,2172,2180,2210,2211,2226,2210,2204,2193,2175,2163,2164,2180,2173,2172,2186,2193,2202,2206,2226,2231,2238,2247,2278
404,4,Yakima,Wapato,1204,1195,1195,1196,1202,1206,1227,1230,1236,1262,1267,1255,1254,1253,1251,1248,1245,1243,1246,1245,1293,1297,1297,1297,1297,1300,1300,1301,1301,1307,1307
405,4,Yakima,Yakima,22977,24587,25093,25471,25616,26117,26885,27244,27702,28566,28643,29257,32103,32231,32351,32365,33288,33930,34546,34647,34887,35070,35165,35438,35601,35652,35814,35918,36015,36233,36566
406,4,Yakima,Zillah,729,733,739,759,786,799,808,816,823,828,837,949,948,967,981,1010,1030,1042,1065,1094,1105,1118,1129,1160,1163,1167,1175,1176,1181,1187,1192
407,1,State,State Total,2032337,2087567,2124723,2164290,2206592,2249362,2284345,2323254,2366447,2409796,2451081,2491082,2536185,2578932,2625397,2673540,2726735,2777443,2821122,2855513,2885677,2904627,2923305,2946949,2977596,3010057,3044271,3083654,3126298,3171322,3218136
408,2,State,Unincorporated State Total,928905,949807,968283,966807,983359,996742,940251,931433,932991,944423,949162,963997,977736,962008,983613,1005621,1024174,1040556,1044340,1053433,1046633,1038413,1030957,1034516,1042010,1050422,1054838,1066663,1077083,1089776,1101317
409,3,State,Incorporated State Total,1103432,1137760,1156440,1197483,1223233,1252620,1344094,1391821,1433456,1465373,1501919,1527085,1558449,1616924,1641784,1667919,1702561,1736887,1776782,1802080,1839044,1866214,1892348,1912433,1935586,1959635,1989433,2016991,2049215,2081546,2116819
